<?xml version="1.0" encoding="UTF-8"?>
<rss version="2.0" xmlns:atom="http://www.w3.org/2005/Atom">
  <channel>
    <title>My First Jekyll Site</title>
    <description>starter site. put whatever here. 
</description>
    <link>http://www.laurieallen.org/</link>
    <atom:link href="http://www.laurieallen.org/feed.xml" rel="self" type="application/rss+xml"/>
    <pubDate>Thu, 01 Dec 2016 16:08:04 -0500</pubDate>
    <lastBuildDate>Thu, 01 Dec 2016 16:08:04 -0500</lastBuildDate>
    <generator>Jekyll v3.0.4</generator>
    
      <item>
        <title>My New Blog Post</title>
        <description>&lt;p&gt;This blog post has some text in it!&lt;/p&gt;
</description>
        <pubDate>Thu, 01 Dec 2016 00:00:00 -0500</pubDate>
        <link>http://www.laurieallen.org/talks/2016/12/01/blog-post.html</link>
        <guid isPermaLink="true">http://www.laurieallen.org/talks/2016/12/01/blog-post.html</guid>
        
        
        <category>talks</category>
        
      </item>
    
      <item>
        <title>My New Favorite Metaphor</title>
        <description>&lt;p&gt;I am often on the lookout for ways to answer questions without really answering them. I haven’t figured this one out yet, but I’m playing around with a new metaphor that I really like.&lt;/p&gt;

&lt;p&gt;So, here’s my newest and most favorite non-answer answer.&lt;/p&gt;

&lt;p&gt;&lt;strong&gt;Question:&lt;/strong&gt; How do you prioritize projects? How do you decide which project to take on?
&lt;strong&gt;Answer:&lt;/strong&gt; Basically, we’re looking for opportunities to create new channels or widen existing ones. As I’ve become involved in an environmental humanities project around a river, I’m more and more aware of the ways that the world of technology is part of, and very much like the natural (or unnatural) environment. And so I’ve begun thinking of publishing streams and workflows as waterways in a giant landscape. There exist a number of really well-carved channels for imagining, creating, and sharing knowledge. The academic monograph or journal article, for example, are robust channels through which some kinds of academic thoughts flow. So, in Digital Scholarship, part of our work is to help carve new channels. So, there are some channels that we’re carving now. For example, we’re using Omeka to carve a couple of channels, and a we’re carving a channel using Scalar. So, if a project comes our way that can flow through one of those channels, it’s going to be easier for me to help it along. Or, if a project can help us widen a channel or create a canal to an existing channel, that’s going to be easier as well. That said, where a project is not suitable for any of the channels we have, that’s a great opportunity as well. But creating new channels takes time and money and investment, and specialized skills, depending on the environment. We may or may not be the best people to help carve a channel, but no matter who carves it, if nobody is using it, it will fill in or dry up, or become overgrown. And, if you create a waterway where nobody wants to go, and where the tide of your project has carried you too far downstream, you’re going to feel stuck and nobody is going to want to venture in to pull you out.&lt;/p&gt;

&lt;p&gt;So, after all that, the easiest thing to say is that, if a project can glide relatively smoothly down an existing channel, we are going to help it down. Or, if it can help us widen or deepen an existing channel, there’s a good chance we’ll do it. If a scholarly question or project requires a whole new channel, we need to consider whether we have the right set of skills, whether we can all agree to get into a big construction/boat-building project together, and whether the channel we create is likely to be useful to others in the future, or exists in a landscape that is likely to take the channel back into itself as soon as we get a bit downstream.&lt;/p&gt;

&lt;p&gt;I’m still working on it.&lt;/p&gt;
</description>
        <pubDate>Sun, 06 Nov 2016 00:00:00 -0400</pubDate>
        <link>http://www.laurieallen.org/talks/2016/11/06/new-favorite-metaphor.html</link>
        <guid isPermaLink="true">http://www.laurieallen.org/talks/2016/11/06/new-favorite-metaphor.html</guid>
        
        
        <category>talks</category>
        
      </item>
    
  </channel>
</rss>
